channel_title,trending_count,unique_categories,common_category,avg_tags_per_video,category_consistency
ESPN,203,1,Sports,24.950738916256157,0.9950738916256158
The Tonight Show Starring Jimmy Fallon,197,1,Comedy,37.111675126903556,0.9949238578680203
Vox,193,1,News & Politics,26.730569948186528,0.9948186528497409
Netflix,193,1,Entertainment,31.05699481865285,0.9948186528497409
TheEllenShow,193,1,Entertainment,31.492227979274613,0.9948186528497409
The Late Show with Stephen Colbert,187,2,Entertainment,28.433155080213904,0.9893048128342246
Jimmy Kimmel Live,186,2,Entertainment,28.032258064516128,0.989247311827957
Late Night with Seth Meyers,183,1,Comedy,32.31693989071038,0.994535519125683
Screen Junkies,182,1,Film & Animation,19.35164835164835,0.9945054945054945
NBA,181,1,Sports,19.635359116022098,0.994475138121547
CNN,180,1,News & Politics,6.8277777777777775,0.9944444444444445
Saturday Night Live,175,1,Entertainment,38.15428571428571,0.9942857142857143
WIRED,171,5,Entertainment,25.555555555555557,0.9707602339181287
BuzzFeedVideo,169,2,People & Blogs,29.78698224852071,0.9881656804733728
INSIDER,167,7,Travel & Events,9.215568862275449,0.9580838323353293
The Late Late Show with James Corden,163,2,Entertainment,25.380368098159508,0.9877300613496932
TED-Ed,162,1,Education,13.302469135802468,0.9938271604938271
Tom Scott,159,1,Education,11.446540880503145,0.9937106918238994
WWE,157,1,Sports,32.27388535031847,0.9936305732484076
CollegeHumor,156,1,Comedy,29.435897435897434,0.9935897435897436
First We Feast,153,1,Howto & Style,29.77124183006536,0.9934640522875817
HellthyJunkFood,153,1,Entertainment,9.967320261437909,0.9934640522875817
Tasty,151,2,Howto & Style,14.105960264900663,0.9867549668874173
Bon Appétit,151,2,Howto & Style,29.582781456953644,0.9867549668874173
Warner Bros. Pictures,150,1,Entertainment,20.373333333333335,0.9933333333333333
FBE,149,1,Entertainment,30.36241610738255,0.9932885906040269
Life Noggin,148,1,Education,29.16891891891892,0.9932432432432432
jacksfilms,148,1,Comedy,15.182432432432432,0.9932432432432432
The King of Random,148,1,Education,34.804054054054056,0.9932432432432432
Good Mythical Morning,147,1,Entertainment,23.040816326530614,0.9931972789115646
Vanity Fair,145,2,Entertainment,22.848275862068967,0.9862068965517241
Vogue,140,4,Howto & Style,29.085714285714285,0.9714285714285714
Safiya Nygaard,139,1,People & Blogs,22.1294964028777,0.9928057553956835
20th Century Fox,135,1,Film & Animation,23.155555555555555,0.9925925925925926
SciShow,135,1,Education,24.637037037037036,0.9925925925925926
Smosh,133,1,Comedy,18.57894736842105,0.9924812030075187
Dude Perfect,131,1,Sports,36.52671755725191,0.9923664122137404
Marques Brownlee,130,1,Science & Technology,13.476923076923077,0.9923076923076923
Great Big Story,128,4,People & Blogs,19.2109375,0.96875
Marvel Entertainment,125,2,Entertainment,14.024,0.984
AsapSCIENCE,124,1,Science & Technology,22.975806451612904,0.9919354838709677
ABC News,123,1,News & Politics,16.471544715447155,0.991869918699187
NFL,123,1,Sports,41.49593495934959,0.991869918699187
The Slow Mo Guys,122,2,Entertainment,19.008196721311474,0.9836065573770492
The Voice,121,1,Entertainment,26.47107438016529,0.9917355371900827
James Charles,118,1,Entertainment,23.593220338983052,0.9915254237288136
Kurzgesagt – In a Nutshell,115,1,Education,19.695652173913043,0.991304347826087
Washington Post,115,2,News & Politics,13.147826086956522,0.9826086956521739
Simon's Cat,115,2,Pets & Animals,44.65217391304348,0.9826086956521739
CrazyRussianHacker,115,1,Science & Technology,12.347826086956522,0.991304347826087
Binging with Babish,112,1,Entertainment,23.785714285714285,0.9910714285714286
Complex,109,1,Entertainment,27.568807339449542,0.9908256880733946
NikkieTutorials,109,1,Howto & Style,32.95412844036697,0.9908256880733946
E! Entertainment,108,1,Entertainment,30.50925925925926,0.9907407407407407
You Suck At Cooking,107,1,Howto & Style,15.598130841121495,0.9906542056074766
Universal Pictures,106,1,Entertainment,17.9811320754717,0.9905660377358491
Star Wars,106,1,Entertainment,9.00943396226415,0.9905660377358491
Team Coco,106,2,Comedy,1.0,0.9811320754716981
Brave Wilderness,106,1,Pets & Animals,39.24528301886792,0.9905660377358491
IISuperwomanII,105,1,Comedy,29.704761904761906,0.9904761904761905
NBC News,104,1,News & Politics,26.201923076923077,0.9903846153846154
Inside Edition,104,2,News & Politics,15.836538461538462,0.9807692307692307
REACT,103,1,Entertainment,26.58252427184466,0.9902912621359223
Tati,102,1,Howto & Style,22.176470588235293,0.9901960784313726
Hannah Stocking,102,1,Comedy,24.313725490196077,0.9901960784313726
The Graham Norton Show,102,1,Entertainment,15.735294117647058,0.9901960784313726
TODAY,102,1,News & Politics,28.333333333333332,0.9901960784313726
The Film Theorists,102,1,Film & Animation,25.352941176470587,0.9901960784313726
CinemaSins,101,1,Film & Animation,10.465346534653465,0.9900990099009901
iJustine,99,3,People & Blogs,7.767676767676767,0.9696969696969697
The Verge,96,1,Science & Technology,11.947916666666666,0.9895833333333334
Refinery29,96,3,Howto & Style,37.260416666666664,0.96875
Rosanna Pansino,96,1,Howto & Style,53.770833333333336,0.9895833333333334
HBO,95,2,Film & Animation,29.936842105263157,0.9789473684210527
Watch What Happens Live with Andy Cohen,95,1,Entertainment,35.915789473684214,0.9894736842105263
CaseyNeistat,95,1,People & Blogs,3.7263157894736842,0.9894736842105263
The View,94,3,Entertainment,7.51063829787234,0.9680851063829787
Laura Lee,94,1,Howto & Style,24.01063829787234,0.9893617021276596
BBC News,93,4,News & Politics,12.75268817204301,0.956989247311828
Bad Lip Reading,92,1,Comedy,14.315217391304348,0.9891304347826086
PTXofficial,90,1,Music,37.32222222222222,0.9888888888888889
itsAlexClark,90,1,Film & Animation,27.88888888888889,0.9888888888888889
nigahiga,89,1,Entertainment,11.853932584269662,0.9887640449438202
Domics,88,1,Comedy,13.034090909090908,0.9886363636363636
Sony Pictures Entertainment,88,1,Entertainment,25.375,0.9886363636363636
Nintendo,87,1,Gaming,35.298850574712645,0.9885057471264368
American Idol,87,1,Entertainment,40.0,0.9885057471264368
CBS This Morning,84,2,News & Politics,7.809523809523809,0.9761904761904762
BBC Radio 1,84,3,Music,12.976190476190476,0.9642857142857143
Charlie Puth,84,1,Music,19.333333333333332,0.9880952380952381
The Dodo,83,1,Pets & Animals,28.08433734939759,0.9879518072289156
CBS News,82,1,News & Politics,7.609756097560975,0.9878048780487805
BuzzFeedBlue,82,1,People & Blogs,30.182926829268293,0.9878048780487805
Entertainment Tonight,82,2,Entertainment,23.5,0.975609756097561
How To Cake It,81,1,Howto & Style,30.814814814814813,0.9876543209876543
LaurDIY,81,1,Howto & Style,24.641975308641975,0.9876543209876543
Matt Stonie,81,1,Entertainment,11.481481481481481,0.9876543209876543
ibighit,80,1,Music,6.775,0.9875
Unbox Therapy,80,2,Science & Technology,38.7625,0.975
LOL Network,80,1,Comedy,32.5375,0.9875
The New York Times,79,1,News & Politics,16.68354430379747,0.9873417721518988
ExplosmEntertainment,78,1,Comedy,31.46153846153846,0.9871794871794872
Michelle Khare,78,1,Entertainment,33.282051282051285,0.9871794871794872
Focus Features,77,1,Entertainment,29.09090909090909,0.987012987012987
William Osman,77,1,Science & Technology,16.844155844155843,0.987012987012987
Good Morning America,77,1,Entertainment,15.844155844155845,0.987012987012987
FOX Soccer,77,2,Sports,30.142857142857142,0.974025974025974
As/Is,76,1,People & Blogs,25.289473684210527,0.9868421052631579
How Ridiculous,75,1,Sports,32.06666666666667,0.9866666666666667
SpaceX,75,1,Science & Technology,1.48,0.9866666666666667
Grace Helbig,75,1,People & Blogs,13.666666666666666,0.9866666666666667
Will Smith,75,1,Entertainment,28.946666666666665,0.9866666666666667
TIME,74,1,News & Politics,32.83783783783784,0.9864864864864865
Rudy Mancuso,74,2,Comedy,25.68918918918919,0.972972972972973
Studio C,74,1,Comedy,39.391891891891895,0.9864864864864865
NBC Sports,73,1,Sports,15.616438356164384,0.9863013698630136
Amber Scholl,72,1,Howto & Style,10.555555555555555,0.9861111111111112
SMTOWN,72,1,Music,22.47222222222222,0.9861111111111112
Lucas the Spider,72,1,Film & Animation,5.083333333333333,0.9861111111111112
Guava Juice,72,1,Entertainment,31.694444444444443,0.9861111111111112
Half as Interesting,71,1,Education,30.464788732394368,0.9859154929577465
What's Inside?,70,3,Science & Technology,29.65714285714286,0.9571428571428572
Simone Giertz,70,2,Science & Technology,4.557142857142857,0.9714285714285714
vlogbrothers,69,1,People & Blogs,13.927536231884059,0.9855072463768116
KathleenLights,69,1,Howto & Style,12.347826086956522,0.9855072463768116
WOWPresents,69,1,Entertainment,13.36231884057971,0.9855072463768116
ThreadBanger,69,1,Howto & Style,14.985507246376812,0.9855072463768116
Matthias,68,3,Comedy,44.25,0.9558823529411765
EverythingApplePro,68,1,Entertainment,29.955882352941178,0.9852941176470589
Hydraulic Press Channel,68,1,Science & Technology,33.544117647058826,0.9852941176470589
Linus Tech Tips,68,1,Science & Technology,14.382352941176471,0.9852941176470589
colinfurze,68,3,Entertainment,19.191176470588236,0.9558823529411765
Gus Johnson,68,1,Comedy,21.808823529411764,0.9852941176470589
Lele Pons,68,1,Comedy,23.66176470588235,0.9852941176470589
Strictly Dumpling,67,1,Travel & Events,30.895522388059703,0.9850746268656716
ColliderVideos,65,1,Entertainment,18.184615384615384,0.9846153846153847
Mr. Kate,65,1,Howto & Style,24.53846153846154,0.9846153846153847
AaronsAnimals,65,1,Pets & Animals,11.846153846153847,0.9846153846153847
Austin Evans,65,1,Science & Technology,14.476923076923077,0.9846153846153847
Cut,64,1,Entertainment,31.6875,0.984375
jypentertainment,64,1,Music,42.6875,0.984375
Billboard,64,1,Music,36.890625,0.984375
Mike Boyd,63,1,Entertainment,10.174603174603174,0.9841269841269842
Full Frontal with Samantha Bee,63,1,People & Blogs,5.920634920634921,0.9841269841269842
Tyler Oakley,63,1,Entertainment,27.936507936507937,0.9841269841269842
The School of Life,63,1,Education,28.555555555555557,0.9841269841269842
Movieclips Trailers,63,1,Film & Animation,19.238095238095237,0.9841269841269842
Markiplier,63,4,Gaming,6.2063492063492065,0.9365079365079365
How To Cook That,62,2,Howto & Style,22.774193548387096,0.967741935483871
Jackie Aina,62,1,Howto & Style,5.209677419354839,0.9838709677419355
GQ,62,2,Entertainment,25.93548387096774,0.967741935483871
Paramount Pictures,62,1,Film & Animation,21.387096774193548,0.9838709677419355
Nerdwriter1,62,1,Entertainment,15.838709677419354,0.9838709677419355
Britain's Got Talent,61,1,Entertainment,19.57377049180328,0.9836065573770492
National Geographic,61,6,Pets & Animals,31.491803278688526,0.9016393442622951
The Daily Show with Trevor Noah,61,1,Comedy,26.885245901639344,0.9836065573770492
emmymadeinjapan,60,1,Howto & Style,21.75,0.9833333333333333
Business Insider,60,3,News & Politics,11.083333333333334,0.95
Atlantic Records,60,1,Music,15.266666666666667,0.9833333333333333
MeghanTrainorVEVO,59,1,Music,20.508474576271187,0.9830508474576272
Marzia,59,3,People & Blogs,14.915254237288135,0.9491525423728814
Team Edge,59,1,Comedy,24.11864406779661,0.9830508474576272
Jenny Nicholson,59,1,Film & Animation,1.0,0.9830508474576272
TMZ,59,1,Entertainment,24.305084745762713,0.9830508474576272
Disney Movie Trailers,59,1,Film & Animation,20.559322033898304,0.9830508474576272
RM Videos,59,2,Comedy,2.559322033898305,0.9661016949152542
SiaVEVO,58,1,Music,13.620689655172415,0.9827586206896551
ShawnMendesVEVO,58,1,Music,7.431034482758621,0.9827586206896551
MatthewSantoro,58,3,Entertainment,15.741379310344827,0.9482758620689655
JunsKitchen,58,1,Howto & Style,36.48275862068966,0.9827586206896551
Teen Vogue,58,5,Entertainment,25.482758620689655,0.9137931034482758
The Infographics Show,58,1,Education,25.17241379310345,0.9827586206896551
Breakfast Club Power 105.1 FM,58,1,Entertainment,11.741379310344827,0.9827586206896551
CalumScottVEVO,58,1,Music,8.482758620689655,0.9827586206896551
JennaMarbles,57,1,Comedy,44.91228070175438,0.9824561403508771
AnthonyPadilla,57,1,Comedy,21.859649122807017,0.9824561403508771
TroyeSivanVEVO,57,1,Music,16.19298245614035,0.9824561403508771
BuzzFeed Celeb,57,2,People & Blogs,26.614035087719298,0.9649122807017544
Anwar Jibawi,56,1,Comedy,22.339285714285715,0.9821428571428571
Wendy Williams,56,1,Entertainment,6.267857142857143,0.9821428571428571
Kelly Clarkson,56,1,Music,12.964285714285714,0.9821428571428571
TheReportOfTheWeek,56,1,Entertainment,17.839285714285715,0.9821428571428571
FaZe Rug,56,1,Gaming,19.75,0.9821428571428571
FC Barcelona,56,2,Sports,23.642857142857142,0.9642857142857143
IGN,56,2,Entertainment,11.553571428571429,0.9642857142857143
Carli Bybel,56,1,Howto & Style,16.946428571428573,0.9821428571428571
Papa Jake,55,1,Entertainment,42.836363636363636,0.9818181818181818
BostonDynamics,55,1,Science & Technology,5.072727272727272,0.9818181818181818
Wendover Productions,55,2,Education,32.70909090909091,0.9636363636363636
John Campea,55,1,Entertainment,11.309090909090909,0.9818181818181818
Diplo,54,1,Music,22.0,0.9814814814814815
PBS Eons,54,1,Science & Technology,29.962962962962962,0.9814814814814815
Lionsgate Movies,54,1,Film & Animation,33.2962962962963,0.9814814814814815
ChainsmokersVEVO,54,1,Music,4.0,0.9814814814814815
Guardian News,53,1,News & Politics,28.88679245283019,0.9811320754716981
MLG Highlights,53,1,Sports,20.471698113207548,0.9811320754716981
Simply Nailogical,53,1,Entertainment,26.471698113207548,0.9811320754716981
Rooster Teeth,53,1,Film & Animation,48.0,0.9811320754716981
Lip Sync Battle,52,1,Entertainment,34.26923076923077,0.9807692307692307
Epicurious,52,2,Howto & Style,27.53846153846154,0.9615384615384616
CBS Los Angeles,51,1,News & Politics,4.529411764705882,0.9803921568627451
Casey Holmes,51,1,Howto & Style,15.72549019607843,0.9803921568627451
Jaiden Animations,51,1,Film & Animation,10.607843137254902,0.9803921568627451
zefrank1,50,1,People & Blogs,1.0,0.98
Glam&Gore,50,3,Entertainment,18.2,0.94
CAguileraVEVO,50,1,Music,5.44,0.98
Kandee Johnson,50,1,Howto & Style,23.74,0.98
Gabbie Hanna,49,1,Howto & Style,10.46938775510204,0.9795918367346939
Numberphile,49,1,Science & Technology,4.755102040816326,0.9795918367346939
Red Bull,49,1,Sports,39.42857142857143,0.9795918367346939
TaylorSwiftVEVO,49,1,Music,7.122448979591836,0.9795918367346939
Glamour Magazine,48,1,Entertainment,21.125,0.9791666666666666
Alan Walker,48,1,Music,26.166666666666668,0.9791666666666666
Doug DeMuro,48,1,Autos & Vehicles,12.020833333333334,0.9791666666666666
Gibi ASMR,48,1,Entertainment,23.916666666666668,0.9791666666666666
MinuteEarth,48,1,Science & Technology,18.625,0.9791666666666666
Cobra Kai,47,1,Entertainment,22.29787234042553,0.9787234042553191
MyHarto,47,1,Comedy,26.70212765957447,0.9787234042553191
The Game Theorists,47,2,Gaming,28.06382978723404,0.9574468085106383
Ed Sheeran,47,1,Music,13.425531914893616,0.9787234042553191
Food Wishes,47,1,Howto & Style,15.25531914893617,0.9787234042553191
Anna Akana,47,2,Comedy,10.893617021276595,0.9574468085106383
ANDREW HUANG,47,1,Music,43.53191489361702,0.9787234042553191
ViralHog,47,7,Pets & Animals,12.829787234042554,0.851063829787234
Bleacher Report,47,2,Shows,30.872340425531913,0.9574468085106383
Amazon Studios,46,1,Film & Animation,31.108695652173914,0.9782608695652174
USA TODAY,46,2,News & Politics,11.934782608695652,0.9565217391304348
VH1,46,1,Entertainment,40.47826086956522,0.9782608695652174
A24,46,1,Film & Animation,29.130434782608695,0.9782608695652174
Wong Fu Productions,46,1,Entertainment,13.608695652173912,0.9782608695652174
Jaclyn Hill,46,1,Howto & Style,16.152173913043477,0.9782608695652174
ONE Media,46,1,Film & Animation,8.804347826086957,0.9782608695652174
BBCRadio1VEVO,46,1,Music,5.826086956521739,0.9782608695652174
ProZD,46,1,Film & Animation,12.804347826086957,0.9782608695652174
Daily Dose Of Internet,46,1,Entertainment,4.0,0.9782608695652174
ImagineDragonsVEVO,45,1,Music,8.644444444444444,0.9777777777777777
Liza Koshy,45,1,Comedy,32.22222222222222,0.9777777777777777
Cole and Marmalade,45,1,Pets & Animals,21.866666666666667,0.9777777777777777
David Guetta,45,1,Music,10.4,0.9777777777777777
The Hollywood Reporter,44,1,Entertainment,34.61363636363637,0.9772727272727273
Lauv,44,1,Music,4.795454545454546,0.9772727272727273
Skip and Shannon: UNDISPUTED,44,2,Sports,37.79545454545455,0.9545454545454546
ScreenJunkies News,44,1,Entertainment,18.204545454545453,0.9772727272727273
JenniferLopezVEVO,44,1,Music,21.545454545454547,0.9772727272727273
SamSmithWorldVEVO,44,1,Music,5.363636363636363,0.9772727272727273
DamonAndJo,43,1,Comedy,29.488372093023255,0.9767441860465116
CalvinHarrisVEVO,43,1,Music,19.232558139534884,0.9767441860465116
JerryRigEverything,43,1,Howto & Style,17.837209302325583,0.9767441860465116
ArianaGrandeVevo,43,1,Music,9.651162790697674,0.9767441860465116
Fox News,43,1,News & Politics,17.372093023255815,0.9767441860465116
The Food Ranger,43,1,Travel & Events,37.604651162790695,0.9767441860465116
MSNBC,43,1,News & Politics,31.046511627906977,0.9767441860465116
Lucas and Marcus,43,1,Entertainment,30.906976744186046,0.9767441860465116
videogamedunkey,42,1,Gaming,6.904761904761905,0.9761904761904762
theneedledrop,42,1,Music,39.45238095238095,0.9761904761904762
grav3yardgirl,42,1,Howto & Style,43.57142857142857,0.9761904761904762
Zoella,42,1,Howto & Style,19.166666666666668,0.9761904761904762
carrieunderwoodVEVO,42,1,Music,11.0,0.9761904761904762
The Real Daytime,42,1,Entertainment,8.0,0.9761904761904762
Janelle Monáe,42,1,Music,32.38095238095238,0.9761904761904762
LIVEKellyandRyan,42,1,Entertainment,6.0476190476190474,0.9761904761904762
bill wurtz,41,2,People & Blogs,4.7073170731707314,0.9512195121951219
TBS,41,1,Entertainment,27.414634146341463,0.975609756097561
Clevver Style,41,1,Howto & Style,35.51219512195122,0.975609756097561
SZAVEVO,41,1,Music,4.0,0.975609756097561
Call of Duty,41,1,Gaming,4.7317073170731705,0.975609756097561
BBC Earth,40,1,Pets & Animals,23.725,0.975
The Action Lab,40,1,Entertainment,36.25,0.975
Allure,40,1,Entertainment,25.9,0.975
KeithUrbanVEVO,40,1,Music,6.475,0.975
NickiMinajAtVEVO,40,1,Music,7.875,0.975
CNET,40,2,Science & Technology,33.45,0.95
SigridVEVO,40,1,Music,6.45,0.975
Disney•Pixar,40,1,Film & Animation,25.35,0.975
Christen Dominique,40,1,Howto & Style,25.475,0.975
Clash Royale,40,1,Gaming,18.5,0.975
Dancing With The Stars,40,1,Entertainment,13.425,0.975
CBC News,39,1,News & Politics,13.025641025641026,0.9743589743589743
Jeremy Jahns,39,1,Entertainment,11.051282051282051,0.9743589743589743
ZaynVEVO,39,1,Music,4.0,0.9743589743589743
Architectural Digest,39,2,Howto & Style,28.743589743589745,0.9487179487179487
Associated Press,39,2,News & Politics,31.82051282051282,0.9487179487179487
Tech Insider,39,2,Science & Technology,17.794871794871796,0.9487179487179487
Fueled By Ramen,39,1,Music,29.846153846153847,0.9743589743589743
BANGTANTV,39,2,Music,20.666666666666668,0.9487179487179487
Klossy,39,1,People & Blogs,20.0,0.9743589743589743
The CW Television Network,38,1,Entertainment,32.3421052631579,0.9736842105263158
BBC,38,2,Entertainment,23.394736842105264,0.9473684210526316
jeffreestar,38,1,Howto & Style,21.973684210526315,0.9736842105263158
jennxpenn,38,1,Entertainment,36.60526315789474,0.9736842105263158
FlorenceMachineVEVO,38,1,Music,8.263157894736842,0.9736842105263158
BBC Three,37,1,Entertainment,16.972972972972972,0.972972972972973
Apple,37,1,Science & Technology,22.945945945945947,0.972972972972973
The Official Pokémon YouTube Channel,37,1,Gaming,4.4324324324324325,0.972972972972973
merrelltwins,37,1,Comedy,31.405405405405407,0.972972972972973
jacksepticeye,37,3,Education,14.621621621621621,0.9189189189189189
Ladylike,37,1,People & Blogs,36.5945945945946,0.972972972972973
Marshmello,37,1,Music,37.75675675675676,0.972972972972973
The Scran Line,37,1,Howto & Style,13.64864864864865,0.972972972972973
Clevver News,37,2,Entertainment,13.432432432432432,0.9459459459459459
BuzzFeed Nifty,36,1,Howto & Style,19.88888888888889,0.9722222222222222
Hevesh5,36,1,Entertainment,32.5,0.9722222222222222
Hulu,36,1,Entertainment,2.6666666666666665,0.9722222222222222
Big Marvel,36,1,Music,2.6944444444444446,0.9722222222222222
ELLE,36,1,Howto & Style,14.472222222222221,0.9722222222222222
Primitive Technology,36,1,People & Blogs,1.0,0.9722222222222222
Brad Mondo,36,4,Entertainment,24.72222222222222,0.8888888888888888
Variety,36,2,Entertainment,9.083333333333334,0.9444444444444444
JamesBayVEVO,35,1,Music,6.514285714285714,0.9714285714285714
Because Science,35,1,Science & Technology,14.457142857142857,0.9714285714285714
HalseyVEVO,35,1,Music,18.2,0.9714285714285714
Davie504,35,1,Entertainment,33.142857142857146,0.9714285714285714
Eater,35,1,Howto & Style,33.25714285714286,0.9714285714285714
CNBC,35,1,News & Politics,31.17142857142857,0.9714285714285714
Sylvia Gani,35,1,Howto & Style,23.2,0.9714285714285714
Sailor J,35,2,Comedy,8.2,0.9428571428571428
DALLMYD,35,1,Sports,24.6,0.9714285714285714
Feast Of Fiction,35,1,Howto & Style,28.885714285714286,0.9714285714285714
Rita Ora,34,1,Entertainment,8.176470588235293,0.9705882352941176
Desi Perkins,34,1,Howto & Style,21.647058823529413,0.9705882352941176
justintimberlakeVEVO,34,1,Music,4.352941176470588,0.9705882352941176
Panic! At The Disco,34,1,Music,18.705882352941178,0.9705882352941176
JelloApocalypse,34,1,Comedy,27.205882352941178,0.9705882352941176
Good Mythical MORE,34,1,Entertainment,10.617647058823529,0.9705882352941176
DanTDM,34,2,Entertainment,17.705882352941178,0.9411764705882353
Jason Derulo,34,1,Music,17.058823529411764,0.9705882352941176
Madelaine Petsch,34,1,People & Blogs,13.617647058823529,0.9705882352941176
Maroon5VEVO,34,1,Music,6.147058823529412,0.9705882352941176
Liza Koshy Too,34,1,Comedy,27.676470588235293,0.9705882352941176
Simon and Martina,34,1,Travel & Events,16.529411764705884,0.9705882352941176
truTV,33,1,Entertainment,29.848484848484848,0.9696969696969697
1MILLION Dance Studio,33,1,Entertainment,13.0,0.9696969696969697
Chris Stuckmann,33,1,Entertainment,28.87878787878788,0.9696969696969697
EminemVEVO,33,1,Music,21.636363636363637,0.9696969696969697
CamilaCabelloVEVO,33,1,Music,22.90909090909091,0.9696969696969697
C-SPAN,33,1,News & Politics,7.424242424242424,0.9696969696969697
Genius,33,1,Music,21.454545454545453,0.9696969696969697
Kitchen Nightmares,33,1,Entertainment,22.12121212121212,0.9696969696969697
How to DAD,32,1,People & Blogs,15.0,0.96875
VICE News,32,1,News & Politics,35.5625,0.96875
TheSorryGirls,32,1,Howto & Style,16.1875,0.96875
Thomas Sanders,32,1,Comedy,41.46875,0.96875
5SOSVEVO,32,1,Music,10.5625,0.96875
FoxStarHindi,32,1,Entertainment,21.6875,0.96875
Doctor Mike,32,1,People & Blogs,24.71875,0.96875
Mark Rober,32,1,Science & Technology,17.28125,0.96875
MalumaVEVO,32,1,Music,27.9375,0.96875
SB Nation,32,1,Sports,17.59375,0.96875
ConnorFranta,32,1,People & Blogs,38.8125,0.96875
Condé Nast Traveler,32,1,Travel & Events,27.90625,0.96875
ChrisStapletonVEVO,32,1,Music,9.625,0.96875
Impulse,32,1,Entertainment,27.0,0.96875
EnriqueIglesiasVEVO,32,1,Music,4.0,0.96875
ElleOfTheMills,32,1,Entertainment,9.25,0.96875
AlishaMarie,32,1,Howto & Style,14.0625,0.96875
GEazyMusicVEVO,31,1,Music,5.258064516129032,0.967741935483871
PBS NewsHour,31,1,News & Politics,1.8064516129032258,0.967741935483871
Ryland Adams,31,1,Entertainment,11.935483870967742,0.967741935483871
TED,31,3,People & Blogs,9.161290322580646,0.9032258064516129
Shawn Mendes,31,1,Music,4.129032258064516,0.967741935483871
GoPro,31,2,Sports,38.516129032258064,0.935483870967742
Lindsey Stirling,31,1,Music,16.93548387096774,0.967741935483871
Cardi B,30,2,Music,16.333333333333332,0.9333333333333333
SugarlandVEVO,30,1,Music,7.0,0.9666666666666667
Kanye West - Topic,30,1,Music,4.2,0.9666666666666667
Camila Cabello,30,1,Music,10.8,0.9666666666666667
Fortnite,30,1,Gaming,10.0,0.9666666666666667
Molly Burke,30,1,People & Blogs,12.866666666666667,0.9666666666666667
Peter McKinnon,30,1,People & Blogs,19.333333333333332,0.9666666666666667
Brian Hull,30,1,Entertainment,21.4,0.9666666666666667
MyLifeAsEva,29,1,Howto & Style,19.448275862068964,0.9655172413793104
Hope For Paws - Official Rescue Channel,29,1,Pets & Animals,3.413793103448276,0.9655172413793104
Discovery UK,29,1,Entertainment,34.275862068965516,0.9655172413793104
DisneyMusicVEVO,29,1,Music,11.758620689655173,0.9655172413793104
Lisa Eldridge,29,1,Howto & Style,37.310344827586206,0.9655172413793104
U2VEVO,29,1,Music,5.758620689655173,0.9655172413793104
杰威爾音樂 JVR Music,29,1,Music,17.0,0.9655172413793104
KaceyMusgravesVEVO,29,1,Music,7.0,0.9655172413793104
Taylor Nicole Dean,28,1,Pets & Animals,30.642857142857142,0.9642857142857143
CGP Grey,28,1,Education,4.285714285714286,0.9642857142857143
MiguelVEVO,28,1,Music,4.0,0.9642857142857143
NBC,28,1,Entertainment,28.75,0.9642857142857143
Yes Theory,28,1,Entertainment,26.035714285714285,0.9642857142857143
johnmayerVEVO,28,1,Music,13.0,0.9642857142857143
DONG,28,1,Entertainment,15.571428571428571,0.9642857142857143
Selena Gomez,28,1,Film & Animation,7.0,0.9642857142857143
FX Networks,28,1,Entertainment,12.714285714285714,0.9642857142857143
Matthias Wandel,28,1,Howto & Style,5.392857142857143,0.9642857142857143
BackstreetBoysVEVO,27,1,Music,4.0,0.962962962962963
Tina Yong,27,1,Howto & Style,12.592592592592593,0.962962962962963
Vat19,27,1,Entertainment,24.0,0.962962962962963
TinasheOfficialVEVO,27,1,Music,5.148148148148148,0.962962962962963
The Royal Family Channel,27,1,News & Politics,11.555555555555555,0.962962962962963
ScreenPrism,27,1,Film & Animation,12.333333333333334,0.962962962962963
LadyGagaVEVO,27,1,Music,12.62962962962963,0.962962962962963
SelenaGomezVEVO,27,1,Music,7.0,0.962962962962963
SuperCarlinBrothers,27,1,People & Blogs,22.25925925925926,0.962962962962963
TheOdd2sOut,27,1,Comedy,5.0,0.962962962962963
UFC ON FOX,26,2,Sports,27.923076923076923,0.9230769230769231
Bachelor Nation on ABC,26,1,Entertainment,12.0,0.9615384615384616
Don Diablo,26,1,Music,34.26923076923077,0.9615384615384616
Primitive Survival Tool,26,1,People & Blogs,6.384615384615385,0.9615384615384616
RemyMaVEVO,26,1,Music,4.0,0.9615384615384616
Daisy Marquez,26,1,People & Blogs,9.576923076923077,0.9615384615384616
Rob Scallon,26,1,Music,31.73076923076923,0.9615384615384616
RomanAtwoodVlogs,26,1,People & Blogs,41.0,0.9615384615384616
Cracked,26,1,Comedy,30.923076923076923,0.9615384615384616
The Talk,26,1,Entertainment,20.0,0.9615384615384616
IFC Films,26,1,Film & Animation,39.65384615384615,0.9615384615384616
Mental Floss,26,1,Education,29.807692307692307,0.9615384615384616
NHL,26,1,Sports,29.576923076923077,0.9615384615384616
Google,26,1,Science & Technology,5.461538461538462,0.9615384615384616
Laura in the Kitchen,26,1,Howto & Style,20.23076923076923,0.9615384615384616
FifthHarmonyVEVO,26,1,Music,24.0,0.9615384615384616
Alissa Ashley,26,1,Howto & Style,6.6923076923076925,0.9615384615384616
Al Jazeera English,26,1,News & Politics,22.423076923076923,0.9615384615384616
ABC News (Australia),25,1,News & Politics,9.2,0.96
LiamPayneVEVO,25,1,Music,5.2,0.96
Joey Graceffa,25,1,People & Blogs,28.56,0.96
Walt Disney Animation Studios,25,1,Film & Animation,11.6,0.96
DemiLovatoVEVO,25,1,Music,11.08,0.96
GraceVanderWaalVEVO,25,1,Music,4.0,0.96
Practical Engineering,25,1,Education,5.6,0.96
Daddy Yankee,25,1,Music,27.0,0.96
NickJonasVEVO,25,1,Music,6.44,0.96
euronews (in English),25,1,News & Politics,3.04,0.96
miniminter,25,1,Gaming,8.0,0.96
Nerdist,25,1,Entertainment,13.44,0.96
OmarGoshTV,25,1,Entertainment,25.0,0.96
Sidemen,25,1,Entertainment,10.76,0.96
ElectroBOOM,25,1,Science & Technology,37.96,0.96
Miranda Sings,25,1,Comedy,16.56,0.96
ChildishGambinoVEVO,25,1,Music,4.0,0.96
Mayim Bialik,25,2,Film & Animation,9.24,0.92
FiftyShadesVEVO,25,1,Music,11.88,0.96
FallOutBoyVEVO,25,1,Music,12.56,0.96
LastWeekTonight,24,2,Entertainment,3.9583333333333335,0.9166666666666666
KendrickLamarVEVO,24,1,Music,11.041666666666666,0.9583333333333334
ABC Television Network,24,1,Entertainment,25.25,0.9583333333333334
Logan Paul Vlogs,24,2,Entertainment,22.333333333333332,0.9166666666666666
AntsCanada,24,1,Pets & Animals,20.0,0.9583333333333334
Queen Naija,24,2,Entertainment,18.125,0.9166666666666666
Harper's BAZAAR,24,1,Howto & Style,30.666666666666668,0.9583333333333334
Dragonfoxgirl,24,1,Entertainment,13.0,0.9583333333333334
Morgan Adams,24,1,Entertainment,15.958333333333334,0.9583333333333334
Poppy,24,1,Entertainment,8.666666666666666,0.9583333333333334
Dan And Shay,24,1,Music,24.0,0.9583333333333334
PlayOverwatch,23,1,Gaming,26.652173913043477,0.9565217391304348
Gordon Ramsay,23,1,Entertainment,24.91304347826087,0.9565217391304348
CupcakeJemma,23,1,Howto & Style,35.21739130434783,0.9565217391304348
NCAA March Madness,23,1,Sports,11.0,0.9565217391304348
davematthewsbandVEVO,23,1,Music,4.0,0.9565217391304348
MTV,23,1,Entertainment,38.95652173913044,0.9565217391304348
Chris Smoove,23,1,Sports,21.91304347826087,0.9565217391304348
CatCreature,23,1,People & Blogs,9.608695652173912,0.9565217391304348
Taylor Swift,23,1,Music,10.26086956521739,0.9565217391304348
NBA on TNT,23,1,Sports,3.782608695652174,0.9565217391304348
Kaplamino,23,1,Entertainment,4.217391304347826,0.9565217391304348
amc,23,1,Entertainment,39.0,0.9565217391304348
Kanye West,23,1,People & Blogs,34.0,0.9565217391304348
GeorgeEzraVEVO,23,1,Music,17.47826086956522,0.9565217391304348
Gallant,23,1,Music,37.391304347826086,0.9565217391304348
Björk,23,1,Music,8.782608695652174,0.9565217391304348
The New Yorker,23,1,Entertainment,25.434782608695652,0.9565217391304348
MBCentertainment,23,1,Entertainment,25.0,0.9565217391304348
The Grand Tour,23,1,Entertainment,32.04347826086956,0.9565217391304348
Linkin Park,23,1,Music,5.608695652173913,0.9565217391304348
Olivia Jade,23,1,Howto & Style,11.0,0.9565217391304348
Bleecker Street,22,1,Film & Animation,10.863636363636363,0.9545454545454546
Bebe Rexha,22,1,Music,14.227272727272727,0.9545454545454546
"Tyler, The Creator",22,1,Education,7.0,0.9545454545454546
Battle Universe,22,1,Entertainment,30.0,0.9545454545454546
Vsauce2,22,2,Education,17.136363636363637,0.9090909090909091
todrickhall,22,1,Entertainment,35.36363636363637,0.9545454545454546
Waterjet Channel,22,1,Science & Technology,29.0,0.9545454545454546
Helpful Vancouver Vet,22,1,Pets & Animals,30.0,0.9545454545454546
Casually Explained,22,1,Comedy,17.318181818181817,0.9545454545454546
RealLifeLore,22,1,Education,25.545454545454547,0.9545454545454546
Nat Geo WILD,22,2,Pets & Animals,28.454545454545453,0.9090909090909091
JOLLY,22,1,Comedy,25.954545454545453,0.9545454545454546
FORMULA 1,22,1,Sports,24.272727272727273,0.9545454545454546
ByronTalbott,22,1,Howto & Style,21.181818181818183,0.9545454545454546
CelineDionVEVO,22,1,Music,4.0,0.9545454545454546
Kayley Melissa,22,1,Howto & Style,26.272727272727273,0.9545454545454546
heyitsfeiii,22,1,Howto & Style,34.0,0.9545454545454546
E! Live from the Red Carpet,22,1,Entertainment,24.40909090909091,0.9545454545454546
Real Madrid C.F.,22,2,Sports,10.909090909090908,0.9090909090909091
Physics Girl,22,1,Education,18.227272727272727,0.9545454545454546
5-Minute Crafts,22,1,Howto & Style,43.36363636363637,0.9545454545454546
PewDiePie,22,1,Entertainment,1.0,0.9545454545454546
PatrickStarrr,22,1,Howto & Style,23.90909090909091,0.9545454545454546
Jeopardy!,21,1,Entertainment,15.0,0.9523809523809523
Butch Hartman,21,2,Film & Animation,12.714285714285714,0.9047619047619048
John Mayer,21,1,Music,7.0,0.9523809523809523
The White House,21,1,News & Politics,1.0,0.9523809523809523
camelsandfriends,21,1,Pets & Animals,46.0,0.9523809523809523
Nicol Concilio,21,1,Howto & Style,14.333333333333334,0.9523809523809523
Comedy Central,21,1,Comedy,37.333333333333336,0.9523809523809523
FOX Sports,21,1,Sports,29.714285714285715,0.9523809523809523
TRL,21,1,Entertainment,36.333333333333336,0.9523809523809523
Nikita Dragun,21,2,People & Blogs,38.523809523809526,0.9047619047619048
Sara Dietschy,21,1,Film & Animation,12.952380952380953,0.9523809523809523
SnoopDoggVEVO,21,1,Music,4.0,0.9523809523809523
It's Okay To Be Smart,21,1,Education,31.61904761904762,0.9523809523809523
Philip DeFranco,20,2,News & Politics,15.8,0.9
DidYouKnowGaming?,20,1,Gaming,31.0,0.95
Denitslava Makeup,20,1,Howto & Style,26.8,0.95
Disney Parks,20,2,Travel & Events,14.1,0.9
Jack and Dean,20,1,Comedy,11.0,0.95
MigosVEVO,20,1,Music,9.05,0.95
Hamilton: An American Musical,20,1,Film & Animation,1.0,0.95
AzealiaBanksVEVO,20,1,Music,11.0,0.95
Jonathan Morrison,20,1,Science & Technology,27.2,0.95
Tia Mowry's Quick Fix,20,2,Howto & Style,29.7,0.9
BeckyGVEVO,20,1,Music,22.0,0.95
KhalidVEVO,20,1,Music,4.4,0.95
Josh Groban,20,1,Music,8.65,0.95
keshaVEVO,20,1,Music,9.25,0.95
The Sims,20,1,Gaming,34.0,0.95
BURGER KING,20,1,Entertainment,10.8,0.95
PressTube,20,1,Science & Technology,24.7,0.95
MustardVEVO,20,1,Music,9.0,0.95
NickyJamTV,20,1,Music,33.0,0.95
Jess Glynne,20,1,Music,12.0,0.95
Munchies,20,1,Entertainment,38.2,0.95
My Virgin Kitchen,20,1,Howto & Style,33.7,0.95
ChvrchesVEVO,20,1,Music,9.5,0.95
Jake Paul,20,1,People & Blogs,47.55,0.95
Tanya Burr,20,1,Howto & Style,20.9,0.95
TV Promos,20,1,Entertainment,17.5,0.95
Tested,20,1,Science & Technology,17.55,0.95
MLB,20,1,Sports,9.4,0.95
Billie Eilish,19,1,Music,3.0,0.9473684210526316
Tim Milgram,19,1,Entertainment,27.05263157894737,0.9473684210526316
Today I Found Out,19,1,Education,14.578947368421053,0.9473684210526316
TheWeekndVEVO,19,1,Music,6.0,0.9473684210526316
Lucas,19,1,Comedy,22.42105263157895,0.9473684210526316
Buttered Side Down,19,1,Comedy,48.73684210526316,0.9473684210526316
1theK (원더케이),19,1,Music,34.26315789473684,0.9473684210526316
5FDPVEVO,19,1,Music,14.947368421052632,0.9473684210526316
ABC Action News,19,2,News & Politics,9.68421052631579,0.8947368421052632
KKandbabyJ,19,1,People & Blogs,7.0,0.9473684210526316
Ingrid Nilsen,19,1,Howto & Style,11.842105263157896,0.9473684210526316
JasonAldeanVEVO,19,1,Music,9.789473684210526,0.9473684210526316
Colleen Vlogs,19,1,Comedy,5.947368421052632,0.9473684210526316
Dobre Brothers,19,1,People & Blogs,32.0,0.9473684210526316
AdelaineMorin,19,1,Howto & Style,22.36842105263158,0.9473684210526316
fosterthepeopleVEVO,19,1,Music,5.473684210526316,0.9473684210526316
Engineering Explained,19,1,Autos & Vehicles,17.94736842105263,0.9473684210526316
Shoshana Bean,19,1,Music,13.368421052631579,0.9473684210526316
Rudimental,19,1,Music,19.31578947368421,0.9473684210526316
Prince,19,1,Music,9.157894736842104,0.9473684210526316
NiallHoranVEVO,19,1,Music,9.68421052631579,0.9473684210526316
Colleen Ballinger,19,1,Comedy,15.0,0.9473684210526316
Eh Bee Family,19,1,People & Blogs,11.0,0.9473684210526316
CalebCity,19,1,Comedy,2.4210526315789473,0.9473684210526316
Kylie Cosmetics,19,1,People & Blogs,5.7368421052631575,0.9473684210526316
HollywoodLife,19,1,Entertainment,17.736842105263158,0.9473684210526316
Julien Solomita,19,1,Entertainment,25.42105263157895,0.9473684210526316
UFC - Ultimate Fighting Championship,19,1,Sports,13.736842105263158,0.9473684210526316
Hunter Hayes,19,1,Music,11.736842105263158,0.9473684210526316
Beme News,19,1,News & Politics,21.789473684210527,0.9473684210526316
AbrahamMateoVEVO,18,1,Music,6.0,0.9444444444444444
Karina Garcia,18,1,Howto & Style,9.0,0.9444444444444444
iHasCupquake,18,1,Gaming,24.77777777777778,0.9444444444444444
PinkVEVO,18,1,Music,4.0,0.9444444444444444
NJ.com,18,1,News & Politics,3.111111111111111,0.9444444444444444
Peter Brown,18,1,Howto & Style,6.777777777777778,0.9444444444444444
Andre Black Nerd,18,2,Entertainment,23.88888888888889,0.8888888888888888
fantano,18,1,Music,25.833333333333332,0.9444444444444444
Pixielocks,18,2,People & Blogs,7.611111111111111,0.8888888888888888
Nicki Minaj,18,1,Music,17.0,0.9444444444444444
SomeThingElseYT,18,1,Comedy,15.0,0.9444444444444444
ChloexHalleVEVO,18,1,Music,4.0,0.9444444444444444
Channel Awesome,18,1,Entertainment,19.5,0.9444444444444444
MamaMiaMakeup,18,1,Comedy,17.0,0.9444444444444444
Natalies Outlet,18,1,Entertainment,25.333333333333332,0.9444444444444444
Portugal. The Man,18,1,Music,12.11111111111111,0.9444444444444444
Blossom,18,1,Howto & Style,41.0,0.9444444444444444
Inanna Sarkis,18,1,Comedy,22.944444444444443,0.9444444444444444
Fleur DeForce,18,1,Howto & Style,19.944444444444443,0.9444444444444444
WatchMojo.com,18,1,Entertainment,29.0,0.9444444444444444
Wassabi Productions,18,1,Entertainment,26.666666666666668,0.9444444444444444
Ariana Grande`,18,1,Music,6.0,0.9444444444444444
YouTube Spotlight,18,1,Entertainment,31.055555555555557,0.9444444444444444
KatyPerryVEVO,18,1,Music,6.277777777777778,0.9444444444444444
H3 Podcast Highlights,18,1,People & Blogs,14.0,0.9444444444444444
H O N N E,18,1,Music,12.0,0.9444444444444444
TWICE JAPAN OFFICIAL YouTube Channel,18,1,Music,12.0,0.9444444444444444
TechSmartt,18,1,Science & Technology,11.277777777777779,0.9444444444444444
FightHype.com,18,1,Sports,5.833333333333333,0.9444444444444444
Carter Sharer,18,1,Entertainment,26.0,0.9444444444444444
CBS Miami,18,1,News & Politics,6.333333333333333,0.9444444444444444
J. Cole,18,1,Music,37.0,0.9444444444444444
Cosmopolitan.com,18,1,Howto & Style,29.666666666666668,0.9444444444444444
Mike Shinoda,18,1,Music,12.666666666666666,0.9444444444444444
BrettYoungVEVO,17,1,Music,6.764705882352941,0.9411764705882353
Blue Origin,17,1,Science & Technology,1.0,0.9411764705882353
ToniBraxtonVEVO,17,1,Music,8.0,0.9411764705882353
BillieEilishVEVO,17,1,Music,6.0,0.9411764705882353
JuliaMichaelsVEVO,17,1,Music,5.0,0.9411764705882353
Townsends,17,1,Education,29.941176470588236,0.9411764705882353
Boldly,17,1,People & Blogs,37.1764705882353,0.9411764705882353
Bobby Bones,17,1,Music,9.0,0.9411764705882353
USA Gymnastics,17,1,Sports,21.0,0.9411764705882353
Gigi Gorgeous,17,1,Howto & Style,17.647058823529413,0.9411764705882353
How To Make Everything,17,1,Education,35.294117647058826,0.9411764705882353
FoundFlix,17,1,Entertainment,23.0,0.9411764705882353
5MadMovieMakers,17,1,Entertainment,43.0,0.9411764705882353
Asian Boss,17,1,News & Politics,7.294117647058823,0.9411764705882353
I Like To Make Stuff,17,1,Howto & Style,17.176470588235293,0.9411764705882353
Magnolia Pictures & Magnet Releasing,17,1,Film & Animation,15.235294117647058,0.9411764705882353
GingerPale,17,1,Comedy,9.0,0.9411764705882353
Simply Not Logical,17,1,Entertainment,22.647058823529413,0.9411764705882353
EllieGouldingVEVO,17,1,Music,5.294117647058823,0.9411764705882353
Chubbyemu,17,1,Science & Technology,18.0,0.9411764705882353
SmarterEveryDay,17,1,Science & Technology,33.470588235294116,0.9411764705882353
Chloe x Halle,17,1,Music,24.941176470588236,0.9411764705882353
McDonald's,17,1,Film & Animation,5.235294117647059,0.9411764705882353
STARZ,17,1,Entertainment,34.0,0.9411764705882353
PolyMatter,17,1,Education,49.0,0.9411764705882353
SPORTSNET,17,1,Sports,7.0588235294117645,0.9411764705882353
Jess Conte,17,1,Entertainment,18.0,0.9411764705882353
STX Entertainment,17,2,Film & Animation,17.705882352941178,0.8823529411764706
SabrinaCarpenterVEVO,17,1,Music,8.411764705882353,0.9411764705882353
DaveHax,17,1,Howto & Style,29.0,0.9411764705882353
Olympic,17,1,Sports,25.352941176470587,0.9411764705882353
Australian Open TV,17,1,Sports,32.64705882352941,0.9411764705882353
weezer,16,1,Music,1.0,0.9375
Kensuke Koike,16,1,Film & Animation,10.0,0.9375
BBC America,16,1,Entertainment,13.4375,0.9375
Wall Street Journal,16,1,News & Politics,34.0,0.9375
KylieMinogueOnVEVO,16,1,Music,35.0,0.9375
Nikki Glamour,16,1,Entertainment,10.0,0.9375
standupmaths,16,1,Entertainment,17.0,0.9375
HowToBasic,16,1,Howto & Style,10.625,0.9375
FliteTest,16,1,Entertainment,19.0,0.9375
Laura Kampf,16,1,Howto & Style,19.375,0.9375
Joan Kim,16,1,Howto & Style,9.3125,0.9375
Jenn Im,16,1,Howto & Style,13.125,0.9375
Beats 1 Radio,16,1,Music,15.875,0.9375
Ranz Kyle,16,2,Music,37.0,0.875
Sprinkleofglitter,16,1,Howto & Style,7.8125,0.9375
Special Books by Special Kids,16,1,People & Blogs,9.4375,0.9375
Microsoft Surface,16,1,Science & Technology,22.0,0.9375
NASA Jet Propulsion Laboratory,16,1,Science & Technology,21.125,0.9375
The Bella Twins,16,1,People & Blogs,26.875,0.9375
Living Big In A Tiny House,16,1,Howto & Style,18.625,0.9375
Cammie Scott,16,1,People & Blogs,7.0,0.9375
MLive,16,1,News & Politics,19.5,0.9375
Carrie Underwood,16,1,Music,1.0,0.9375
Illumination,16,1,Entertainment,14.0,0.9375
Science Magazine,16,1,Science & Technology,5.8125,0.9375
ChrisYoungVEVO,16,1,Music,25.0,0.9375
T-Mobile,16,1,Entertainment,17.375,0.9375
Man About Cake,16,1,Howto & Style,24.375,0.9375
SuperwomanVlogs,16,1,People & Blogs,27.8125,0.9375
clothesencounters,16,1,Howto & Style,10.6875,0.9375
AlishaMarieVlogs,16,1,People & Blogs,11.0,0.9375
E! News,15,1,Entertainment,25.666666666666668,0.9333333333333333
Nicole Guerriero,15,2,Howto & Style,11.4,0.8666666666666667
NASA Goddard,15,1,Science & Technology,16.0,0.9333333333333333
Google Developers,15,1,Science & Technology,18.0,0.9333333333333333
Global Road Entertainment,15,1,Entertainment,29.0,0.9333333333333333
GreatScott!,15,1,Science & Technology,38.53333333333333,0.9333333333333333
ThatcherJoe,15,1,Comedy,18.0,0.9333333333333333
FOX 17 WXMI,15,1,News & Politics,2.0,0.9333333333333333
Reaction Time,15,1,Entertainment,30.0,0.9333333333333333
Unecht Erfunden,15,1,People & Blogs,1.0,0.9333333333333333
Tyler Williams,15,1,People & Blogs,21.733333333333334,0.9333333333333333
Tyler Stalman,15,2,Science & Technology,21.266666666666666,0.8666666666666667
RoadsideFlix,15,1,Film & Animation,1.0,0.9333333333333333
Deep Look,15,1,Science & Technology,69.0,0.9333333333333333
Jason Mraz,15,1,Music,19.0,0.9333333333333333
Berd,15,1,Comedy,3.0,0.9333333333333333
Omaze,15,1,Entertainment,32.86666666666667,0.9333333333333333
Bill Gates,15,1,Nonprofits & Activism,2.0,0.9333333333333333
Gentle Whispering ASMR,15,1,Howto & Style,55.0,0.9333333333333333
AzzyLand,15,1,Entertainment,13.0,0.9333333333333333
jessiepaege,15,1,People & Blogs,59.0,0.9333333333333333
Access,15,1,Entertainment,16.6,0.9333333333333333
mmschocolate,15,1,Entertainment,1.0,0.9333333333333333
Highlight Heaven,15,1,Sports,3.6,0.9333333333333333
Hometalk,15,1,Howto & Style,10.0,0.9333333333333333
America's Got Talent,15,1,Entertainment,31.0,0.9333333333333333
iamAURORAVEVO,15,1,Music,5.0,0.9333333333333333
Strange Parts,15,1,Science & Technology,23.2,0.9333333333333333
SiriusXM,15,2,Entertainment,7.8,0.8666666666666667
acaciacutie,15,1,Comedy,8.0,0.9333333333333333
MeganBatoon,15,1,Entertainment,28.0,0.9333333333333333
Charlie Corts,15,1,People & Blogs,1.0,0.9333333333333333
Erika Costell,15,1,People & Blogs,25.0,0.9333333333333333
Major Lazer,15,1,Music,27.0,0.9333333333333333
Mason Ramsey,15,1,Music,7.0,0.9333333333333333
Matt Bentkowski,15,1,Sports,1.0,0.9333333333333333
KaneBrownVEVO,15,1,Music,16.466666666666665,0.9333333333333333
Bruno Mars,15,1,Music,11.333333333333334,0.9333333333333333
The Official Pokémon YouTube channel,15,1,Gaming,18.0,0.9333333333333333
The Weeknd,15,1,Music,5.0,0.9333333333333333
The Wendy Williams Show,15,1,Entertainment,7.0,0.9333333333333333
LukeBryanVEVO,15,1,Music,9.266666666666667,0.9333333333333333
Sam O'Nella Academy,15,1,People & Blogs,1.0,0.9333333333333333
SUPERFRUIT,15,1,Entertainment,22.533333333333335,0.9333333333333333
Comicbook.com,15,1,Film & Animation,11.466666666666667,0.9333333333333333
ignoramusky,14,1,Pets & Animals,7.0,0.9285714285714286
Ben Katz,14,1,Science & Technology,2.5714285714285716,0.9285714285714286
3Blue1Brown,14,1,Education,6.285714285714286,0.9285714285714286
Keke Palmer,14,3,Music,13.0,0.7857142857142857
FoxSearchlight,14,1,Film & Animation,19.285714285714285,0.9285714285714286
Omeleto,14,1,Film & Animation,6.928571428571429,0.9285714285714286
Access Hollywood,14,1,Entertainment,23.428571428571427,0.9285714285714286
RachhLoves,14,1,Howto & Style,32.0,0.9285714285714286
Lenarr Young,14,1,Comedy,10.0,0.9285714285714286
Disney On Broadway,14,1,Entertainment,4.0,0.9285714285714286
LaMadelynn,14,2,Film & Animation,18.428571428571427,0.8571428571428572
Veritasium,14,1,Education,18.0,0.9285714285714286
Mr Sunday Movies,14,1,Entertainment,11.0,0.9285714285714286
Blake Shelton,14,1,Music,11.0,0.9285714285714286
Bobby Duke Arts,14,1,Howto & Style,6.5,0.9285714285714286
Topi The Corgi,14,1,Pets & Animals,24.0,0.9285714285714286
Trailers Promos Teasers,14,1,Entertainment,2.0,0.9285714285714286
DrakeVEVO,14,1,Music,8.0,0.9285714285714286
"Rock me, Joey Santiago.",14,1,Pets & Animals,11.0,0.9285714285714286
Gorillaz,14,1,Music,19.0,0.9285714285714286
Nickelodeon,14,1,Entertainment,40.07142857142857,0.9285714285714286
PostmodernJukebox,14,1,Music,22.0,0.9285714285714286
PrettyMuchVEVO,14,1,Music,6.214285714285714,0.9285714285714286
SUMERIAN,14,1,Music,27.0,0.9285714285714286
TheMeanKitty,14,1,Pets & Animals,24.714285714285715,0.9285714285714286
TiffyQuake,14,1,Howto & Style,20.0,0.9285714285714286
SHAYTARDS,14,1,Entertainment,27.0,0.9285714285714286
DJKhaledVEVO,14,1,Music,30.0,0.9285714285714286
CNNMoney,14,1,News & Politics,11.571428571428571,0.9285714285714286
FOOD INSIDER,14,1,Travel & Events,7.0,0.9285714285714286
Maggie Lindemann,14,2,Music,14.571428571428571,0.8571428571428572
BØRNSmusicVEVO,14,1,Music,8.5,0.9285714285714286
HACKADAY,14,1,Science & Technology,5.642857142857143,0.9285714285714286
Clean Bandit,14,1,Music,21.0,0.9285714285714286
Mamrie Hart,14,1,Comedy,28.285714285714285,0.9285714285714286
Extra Credits,14,1,Education,24.571428571428573,0.9285714285714286
Sugar Pine 7,14,1,Entertainment,5.714285714285714,0.9285714285714286
Talking Kitty Cat,14,1,Comedy,13.0,0.9285714285714286
Sonic the Hedgehog,14,1,Gaming,3.0,0.9285714285714286
Steve1989MREInfo,14,1,Entertainment,49.0,0.9285714285714286
Sister Circle Live,14,1,Entertainment,36.0,0.9285714285714286
SnowPatrolVEVO,14,1,Music,15.0,0.9285714285714286
Merrell Twins Live,14,1,People & Blogs,4.928571428571429,0.9285714285714286
AmazingPhil,14,1,Howto & Style,33.42857142857143,0.9285714285714286
devinsupertramp,13,1,Entertainment,16.153846153846153,0.9230769230769231
GPhase,13,1,Entertainment,24.0,0.9230769230769231
Zach King,13,1,Entertainment,30.0,0.9230769230769231
G-Eazy,13,1,Entertainment,20.0,0.9230769230769231
Ten Second Songs,13,1,Music,32.0,0.9230769230769231
Looper,13,1,Entertainment,20.153846153846153,0.9230769230769231
Macklemore LLC,13,1,Music,33.0,0.9230769230769231
CBS New York,13,1,News & Politics,6.384615384615385,0.9230769230769231
BrainfooTV,13,1,Entertainment,37.0,0.9230769230769231
Major League Soccer,13,1,Sports,16.0,0.9230769230769231
Everyday Astronaut,13,1,Science & Technology,21.53846153846154,0.9230769230769231
Ellie and Jared,13,1,People & Blogs,13.76923076923077,0.9230769230769231
Clicknetwork,13,1,Howto & Style,14.0,0.9230769230769231
Shay Mitchell,13,1,Howto & Style,20.76923076923077,0.9230769230769231
Tanner Fox,13,1,Film & Animation,26.0,0.9230769230769231
boogie2988,13,1,Entertainment,13.0,0.9230769230769231
austinmcconnell,13,2,Education,15.461538461538462,0.8461538461538461
LecraeVEVO,13,1,Music,4.0,0.9230769230769231
Film Independent,13,1,Film & Animation,38.0,0.9230769230769231
Dua Lipa,13,1,Music,16.153846153846153,0.9230769230769231
Troom Troom,13,1,Howto & Style,19.615384615384617,0.9230769230769231
Warped Perception,13,1,Entertainment,33.0,0.9230769230769231
WHAT'S INSIDE? FAMILY,13,1,Autos & Vehicles,27.76923076923077,0.9230769230769231
League of Legends,13,1,Gaming,30.0,0.9230769230769231
XAmbassadorsVEVO,13,1,Music,5.538461538461538,0.9230769230769231
oregon,13,1,Travel & Events,1.0,0.9230769230769231
samfryltd,13,1,Entertainment,1.0,0.9230769230769231
Kris Harbour,13,1,Education,14.0,0.9230769230769231
Никита Ордынский,13,1,Film & Animation,49.0,0.9230769230769231
the Hacksmith,13,1,Science & Technology,24.615384615384617,0.9230769230769231
Kim Kardashian West,13,1,People & Blogs,4.0,0.9230769230769231
WE tv,13,1,Entertainment,32.38461538461539,0.9230769230769231
Ben Pluimer,13,1,Film & Animation,10.0,0.9230769230769231
The X Factor UK,13,1,Entertainment,18.0,0.9230769230769231
Third Leg Studios,13,1,Comedy,17.076923076923077,0.9230769230769231
K-MUSIC,13,1,Music,6.0,0.9230769230769231
Business Insider UK,13,2,News & Politics,10.923076923076923,0.8461538461538461
Vance Joy,13,1,Music,9.615384615384615,0.9230769230769231
Jessica Clements,13,1,Howto & Style,9.0,0.9230769230769231
United Launch Alliance,13,1,Science & Technology,5.538461538461538,0.9230769230769231
TmarTn2,13,1,Gaming,37.0,0.9230769230769231
Samsung,13,1,Science & Technology,16.0,0.9230769230769231
CrossFit®,13,1,Sports,12.0,0.9230769230769231
JOE.ie,13,1,Entertainment,49.15384615384615,0.9230769230769231
Doug Ellison,13,1,Science & Technology,1.0,0.9230769230769231
TechRax,12,1,Entertainment,44.25,0.9166666666666666
Calvin Klein,12,1,Entertainment,1.0,0.9166666666666666
CBS Sunday Morning,12,1,News & Politics,8.333333333333334,0.9166666666666666
Christina Aguilera,12,1,Music,11.0,0.9166666666666666
TheTimTracker,12,1,Entertainment,22.166666666666668,0.9166666666666666
Jon B.,12,1,Howto & Style,5.0,0.9166666666666666
Roxette Arisa,12,1,Howto & Style,28.0,0.9166666666666666
The king of DIY,12,1,Pets & Animals,14.583333333333334,0.9166666666666666
LewisCapaldiVEVO,12,1,Music,29.0,0.9166666666666666
Lucy Moon,12,1,People & Blogs,8.666666666666666,0.9166666666666666
marshmello,12,1,Music,30.333333333333332,0.9166666666666666
GRB rally,12,1,Sports,25.0,0.9166666666666666
AnimalWised,12,1,Pets & Animals,17.5,0.9166666666666666
dodieVEVO,12,1,Music,7.5,0.9166666666666666
Annapurna Channel,12,1,Film & Animation,25.0,0.9166666666666666
googledoodles,12,1,Film & Animation,1.0,0.9166666666666666
officialcharlixcx,12,1,Music,13.0,0.9166666666666666
Seonkyoung Longest,12,1,Howto & Style,26.0,0.9166666666666666
MaggieRogersVEVO,12,1,Music,10.0,0.9166666666666666
MariahCareyVEVO,12,1,Music,21.0,0.9166666666666666
Michael Dapaah,12,2,Comedy,20.5,0.8333333333333334
Cat Man Chris,12,1,Pets & Animals,19.25,0.9166666666666666
Cimorelli,12,1,Music,12.0,0.9166666666666666
Claire Marshall,12,1,Howto & Style,11.166666666666666,0.9166666666666666
Bramty Juliette,12,1,Howto & Style,19.0,0.9166666666666666
LexusVehicles,12,1,Autos & Vehicles,14.833333333333334,0.9166666666666666
圧倒的不審者の極み!,12,1,Science & Technology,26.0,0.9166666666666666
ZEDDVEVO,12,1,Music,26.916666666666668,0.9166666666666666
Gerry Litwin,12,1,People & Blogs,8.416666666666666,0.9166666666666666
Recanto Ecológico Rio da Prata,12,1,Pets & Animals,1.0,0.9166666666666666
Kitty Hawk,12,1,Science & Technology,22.0,0.9166666666666666
Leroy Sanchez,12,1,Music,28.833333333333332,0.9166666666666666
News 5 Cleveland,12,1,News & Politics,4.0,0.9166666666666666
DuckSoss,12,1,Comedy,14.0,0.9166666666666666
Dolan Twins,12,1,Comedy,6.5,0.9166666666666666
Bethany Wilhelm,12,1,Comedy,7.0,0.9166666666666666
SadeVEVO,12,1,Music,15.0,0.9166666666666666
Whistle Sports,12,1,Sports,15.0,0.9166666666666666
Billy Graham Evangelistic Association,12,1,Entertainment,6.0,0.9166666666666666
My Self Reliance,12,2,People & Blogs,31.083333333333332,0.8333333333333334
Dani Ochoa,12,2,Entertainment,2.1666666666666665,0.8333333333333334
SELF,12,1,People & Blogs,23.0,0.9166666666666666
VICELAND,12,1,Entertainment,36.0,0.9166666666666666
Ultra Music,12,1,Music,29.0,0.9166666666666666
LukeCombsVEVO,12,1,Music,15.5,0.9166666666666666
SHOWTIME Sports,12,1,Sports,21.0,0.9166666666666666
notnotryan,12,1,Comedy,1.0,0.9166666666666666
johnlegendVEVO,12,1,Music,4.0,0.9166666666666666
PeopleTV,12,1,Entertainment,34.0,0.9166666666666666
PBS Space Time,12,1,Education,21.0,0.9166666666666666
Kid Rock,12,1,Music,6.0,0.9166666666666666
GameXplain,12,1,Gaming,34.833333333333336,0.9166666666666666
J.J. McCullough,12,1,People & Blogs,35.0,0.9166666666666666
JackWhiteVEVO,12,1,Music,4.0,0.9166666666666666
Freedom of the Press Foundation,12,1,Science & Technology,18.0,0.9166666666666666
JohnNewmanVEVO,12,1,Music,9.0,0.9166666666666666
Dr. Sandra Lee (aka Dr. Pimple Popper),12,1,Education,29.0,0.9166666666666666
YBF Chic,11,1,Entertainment,1.0,0.9090909090909091
OVO Sound,11,1,Music,28.0,0.9090909090909091
Kristen Hancher,11,1,Howto & Style,20.0,0.9090909090909091
PsychoSoprano,11,1,Comedy,21.545454545454547,0.9090909090909091
BBC Sport,11,1,Sports,40.0,0.9090909090909091
thataylaa,11,1,Howto & Style,12.0,0.9090909090909091
radiodisney,11,1,Music,9.0,0.9090909090909091
Kyle Jennermann,11,1,People & Blogs,26.0,0.9090909090909091
Nile Wilson,11,1,Sports,21.454545454545453,0.9090909090909091
Pepsi,11,1,Entertainment,21.545454545454547,0.9090909090909091
CatPusic,11,1,Pets & Animals,10.0,0.9090909090909091
Mark Wiens,11,1,Travel & Events,21.0,0.9090909090909091
Mean Girls on Broadway,11,1,People & Blogs,1.0,0.9090909090909091
AusAntarctic,11,1,Science & Technology,2.8181818181818183,0.9090909090909091
brutalmoose,11,1,Entertainment,49.0,0.9090909090909091
doddleoddle,11,1,Music,8.0,0.9090909090909091
Funny Or Die,11,1,Comedy,22.545454545454547,0.9090909090909091
Maddie Ziegler,11,1,Entertainment,11.363636363636363,0.9090909090909091
Green Day,11,1,Music,6.0,0.9090909090909091
AlisonWonderlandVEVO,11,1,Music,22.0,0.9090909090909091
Alex French Guy Cooking,11,1,Howto & Style,13.0,0.9090909090909091
Battle Universe!,11,1,Entertainment,24.636363636363637,0.9090909090909091
KYLE HANAGAMI,11,1,Entertainment,11.0,0.9090909090909091
Riverdale,11,1,People & Blogs,19.0,0.9090909090909091
TurboTax,11,1,Education,21.181818181818183,0.9090909090909091
Jimmy Built,11,1,Autos & Vehicles,7.0,0.9090909090909091
BUILD Series,11,1,Entertainment,32.45454545454545,0.9090909090909091
FreeDawkins,11,1,Sports,9.272727272727273,0.9090909090909091
Johnny Jansen,11,1,Film & Animation,1.0,0.9090909090909091
Theme Park Review,11,1,Travel & Events,30.0,0.9090909090909091
ThomasRhettVEVO,11,1,Music,6.0,0.9090909090909091
DragTimes,11,1,Autos & Vehicles,7.0,0.9090909090909091
Jack Coyne,11,1,People & Blogs,14.454545454545455,0.9090909090909091
The Rock,11,1,Entertainment,19.0,0.9090909090909091
ShibSibs,11,1,People & Blogs,17.0,0.9090909090909091
TechCrunch,11,1,Science & Technology,4.7272727272727275,0.9090909090909091
Famous Celebrities Snaps,11,2,Autos & Vehicles,14.0,0.8181818181818181
The Atlantic,11,2,Film & Animation,13.363636363636363,0.8181818181818181
CJENMMUSIC Official,11,1,Music,28.0,0.9090909090909091
HyundaiUSA,11,1,Autos & Vehicles,29.727272727272727,0.9090909090909091
Iris,11,1,Entertainment,34.0,0.9090909090909091
TMZSports,11,1,Sports,28.545454545454547,0.9090909090909091
Kacey Musgraves - Topic,11,1,Music,3.0,0.9090909090909091
Just Between Us,11,1,Comedy,16.272727272727273,0.9090909090909091
Drew Lynch,11,1,Comedy,31.727272727272727,0.9090909090909091
Saint Louis Chess Club,11,1,Education,4.454545454545454,0.9090909090909091
TheScriptVEVO,11,1,Music,16.181818181818183,0.9090909090909091
ITV,10,1,Entertainment,35.0,0.9
IGN News,10,2,Entertainment,5.5,0.8
The Deal Guy,10,1,Science & Technology,24.0,0.9
IncubusVEVO,10,1,Music,5.4,0.9
Los Angeles Times,10,1,News & Politics,21.2,0.9
Lorraine,10,1,Entertainment,20.6,0.9
Liverpool FC,10,1,Sports,25.0,0.9
Techquickie,10,1,Science & Technology,23.0,0.9
Shawn Johnson East,10,1,People & Blogs,29.0,0.9
ScatterBrain News,10,1,News & Politics,16.0,0.9
Eric Strebel,10,1,Howto & Style,23.8,0.9
Mercury News,10,1,News & Politics,6.0,0.9
wdwmagic,10,1,Travel & Events,3.0,0.9
amazon,10,1,Entertainment,15.6,0.9
bulletvalentineVEVO,10,1,Music,11.0,0.9
Arden Rose,10,1,Film & Animation,12.4,0.9
blayze999,10,1,Comedy,1.0,0.9
Zebra Corner,10,1,Comedy,12.0,0.9
littlemixVEVO,10,1,Music,4.0,0.9
CBS,10,1,Entertainment,26.4,0.9
MYSTERY SCIENCE THEATER 3000,10,1,Comedy,10.0,0.9
FOX,10,1,Entertainment,25.3,0.9
CBS Evening News,10,1,News & Politics,6.7,0.9
N W,10,1,People & Blogs,1.0,0.9
The Orchard Movies,10,1,Entertainment,8.8,0.9
Tide,10,1,Entertainment,21.0,0.9
Tom Daley,10,1,Sports,37.2,0.9
Tiffany Day,10,1,Music,1.0,0.9
JayRockVEVO,10,1,Music,23.0,0.9
Dave Lee,10,1,Science & Technology,16.1,0.9
ToriKellyVEVO,10,1,Music,11.0,0.9
VICE,10,1,Entertainment,36.2,0.9
Motion Station,10,1,Sports,7.0,0.9
HANSON,10,1,Music,2.2,0.9
Moulin Rouge! the Musical,10,1,Entertainment,10.0,0.9
Braille Skateboarding,10,1,Howto & Style,32.0,0.9
HANSE 한세,10,1,Howto & Style,9.0,0.9
Global News,10,1,News & Politics,23.0,0.9
LuisFonsiVEVO,10,1,Music,11.0,0.9
LadBaby Official,10,1,People & Blogs,37.4,0.9
LOOK MUM NO COMPUTER,10,1,Music,18.8,0.9
Violin MD,10,1,People & Blogs,21.0,0.9
Foot Locker,10,1,Entertainment,15.0,0.9
Rapid Trailer,10,1,Film & Animation,17.6,0.9
Wouldn't Change a Thing,10,1,People & Blogs,10.0,0.9
Waymo,10,1,Science & Technology,17.0,0.9
BT Sport,10,1,Sports,8.0,0.9
WINNER,10,1,Music,10.0,0.9
WUSA9,10,1,People & Blogs,3.0,0.9
Disney Descendants,10,1,Entertainment,24.1,0.9
Patricia Bright,10,1,Howto & Style,5.0,0.9
Kylie Jenner,10,1,People & Blogs,5.0,0.9
Niki and Gabi,10,2,Howto & Style,15.0,0.8
Nike,10,1,Sports,24.0,0.9
PitbullVEVO,10,1,Music,16.8,0.9
Philly D,10,1,People & Blogs,19.0,0.9
Nyma Tang,10,1,Howto & Style,7.0,0.9
Official Charts,10,1,Music,14.0,0.9
mugumogu,10,1,Pets & Animals,7.0,0.9
A&E,10,1,Entertainment,34.0,0.9
